country,target_iso3,analysis_scope,n_mentions,n_speeches,n_speakers,first_year,last_year,mean_concreteness,mean_sentiment
NLD,TUR,reciprocal_asymmetry_candidate,2903,1385,144,2015,2022,3.284280744057871,1.7698866682059908
GRC,TUR,reciprocal_asymmetry_candidate,1814,868,224,2015,2022,3.24762789415656,1.2240248049680342
BEL,TUR,reciprocal_asymmetry_candidate,1387,462,91,2015,2022,3.2741550108147077,1.7759322289474981
POL,UKR,reciprocal_asymmetry_candidate,1244,643,291,2015,2022,3.2616262057877816,2.5326623787311386
NLD,GRC,reciprocal_asymmetry_candidate,1022,633,105,2015,2022,3.2725068493150684,1.7370097842299854
SWE,TUR,reciprocal_asymmetry_candidate,1022,424,89,2015,2022,3.286252446183953,1.633293539662016
CZE,UKR,reciprocal_asymmetry_candidate,997,383,116,2015,2022,3.2389067201604815,1.83152657627689
SVN,AUT,reciprocal_asymmetry_candidate,923,436,100,2015,2021,3.2727486457204766,1.8388916592276126
BEL,GRC,reciprocal_asymmetry_candidate,812,361,69,2015,2022,3.2630911330049264,1.819748771759272
CZE,TUR,reciprocal_asymmetry_candidate,690,191,46,2015,2022,3.2715391304347827,1.7984478310015444
NOR,GRC,reciprocal_asymmetry_candidate,649,284,75,2015,2021,3.2593097072419104,2.053355929767139
NLD,GBR,reciprocal_asymmetry_candidate,630,278,91,2015,2022,3.257479365079365,1.9846238085375507
EST,UKR,reciprocal_asymmetry_candidate,599,343,85,2015,2022,3.260068447412354,1.7840050114349824
BEL,GBR,reciprocal_asymmetry_candidate,590,326,74,2015,2022,3.274937288135593,1.807735591395995
SVN,HRV,reciprocal_asymmetry_candidate,579,286,83,2015,2022,3.284759930915371,1.8905751285262227
BEL,ITA,reciprocal_asymmetry_candidate,544,288,63,2015,2022,3.2553988970588232,1.7633382342882054
BGR,TUR,reciprocal_asymmetry_candidate,512,238,91,2015,2022,3.252103515625,1.9536035088890458
NLD,ITA,reciprocal_asymmetry_candidate,454,320,82,2015,2022,3.2644779735682823,1.7070991182863908
FIN,SWE,reciprocal_asymmetry_candidate,454,282,108,2015,2021,3.252647577092511,1.7273986815661602
BEL,UKR,reciprocal_asymmetry_candidate,447,212,71,2015,2022,3.2638501118568235,1.7527561529822882
BEL,NLD,reciprocal_asymmetry_candidate,407,275,85,2015,2022,3.25814742014742,2.1774496254110733
CZE,GRC,reciprocal_asymmetry_candidate,401,148,43,2015,2022,3.2689576059850376,2.014014965241445
HRV,UKR,reciprocal_asymmetry_candidate,400,182,72,2015,2022,3.2231525,3.013780001311097
ISL,GRC,reciprocal_asymmetry_candidate,384,162,35,2015,2022,3.2618229166666666,1.0086979181408726
AUT,TUR,reciprocal_asymmetry_candidate,371,184,82,2015,2022,3.270768194070081,1.3180431324174011
EST,FIN,reciprocal_asymmetry_candidate,339,188,68,2015,2022,3.2840796460176995,1.9195988141796978
CZE,HUN,reciprocal_asymmetry_candidate,333,169,60,2015,2022,3.244207207207207,1.649489497547751
NLD,UKR,reciprocal_asymmetry_candidate,325,203,75,2015,2022,3.2610830769230774,1.7051569168341274
SVN,ITA,reciprocal_asymmetry_candidate,321,183,47,2015,2022,3.2580809968847353,1.7013894102370768
POL,GBR,reciprocal_asymmetry_candidate,314,115,73,2016,2022,3.2439936305732484,2.530802541060201
SWE,UKR,reciprocal_asymmetry_candidate,309,176,88,2015,2022,3.256035598705502,1.9943592180723992
NOR,UKR,reciprocal_asymmetry_candidate,295,130,69,2015,2022,3.247583050847458,2.0110983061398997
NOR,TUR,reciprocal_asymmetry_candidate,282,142,56,2015,2021,3.27431914893617,1.843109922287061
HRV,SRB,reciprocal_asymmetry_candidate,280,177,78,2015,2022,3.2482821428571427,1.580949991750614
NOR,SWE,reciprocal_asymmetry_candidate,274,197,84,2015,2022,3.2551313868613136,2.0781824781294285
HUN,UKR,reciprocal_asymmetry_candidate,273,165,83,2015,2022,3.239604395604396,2.3839780178753447
ISL,UKR,reciprocal_asymmetry_candidate,270,147,46,2015,2022,3.2364296296296295,1.6466111072511584
SVN,GRC,reciprocal_asymmetry_candidate,266,166,52,2015,2022,3.2480977443609023,1.820067674793387
AUT,GRC,reciprocal_asymmetry_candidate,263,146,74,2015,2022,3.2773117870722435,1.5433764290471805
SVN,HUN,reciprocal_asymmetry_candidate,262,173,57,2015,2022,3.257847328244275,1.6028625963589902
NLD,HUN,reciprocal_asymmetry_candidate,261,195,74,2015,2022,3.267471264367816,1.6530881171244984
NLD,POL,reciprocal_asymmetry_candidate,246,182,84,2015,2022,3.2609471544715447,1.6965040675576444
HRV,TUR,reciprocal_asymmetry_candidate,238,106,45,2015,2022,3.258546218487395,1.92929831676101
HUN,SRB,reciprocal_asymmetry_candidate,235,138,59,2015,2022,3.2602382978723403,1.7501617058358612
HUN,TUR,reciprocal_asymmetry_candidate,234,136,67,2015,2022,3.2500213675213674,1.7759487208647606
SVN,TUR,reciprocal_asymmetry_candidate,231,118,36,2015,2022,3.256761904761905,1.5349220813814455
HUN,AUT,reciprocal_asymmetry_candidate,228,162,74,2015,2022,3.237342105263158,1.6063157810355748
BGR,UKR,reciprocal_asymmetry_candidate,217,126,67,2015,2022,3.241069124423963,1.7956036911351383
HRV,GBR,reciprocal_asymmetry_candidate,212,70,36,2015,2022,3.2624481132075474,2.6860424581967854
FRA,GBR,reciprocal_asymmetry_candidate,208,124,57,2017,2022,3.2598317307692306,1.467552893078671
HUN,GRC,reciprocal_asymmetry_candidate,206,123,56,2015,2021,3.254106796116505,1.5099466026588841
BEL,ESP,reciprocal_asymmetry_candidate,206,121,51,2015,2022,3.2544660194174755,1.8089611632952882
AUT,HUN,reciprocal_asymmetry_candidate,199,125,71,2015,2022,3.273793969849246,1.8113417030141301
SWE,GRC,reciprocal_asymmetry_candidate,193,116,48,2015,2022,3.2634352331606213,1.5312435231219803
BEL,HUN,reciprocal_asymmetry_candidate,191,122,42,2015,2022,3.2372984293193716,1.3001361248224819
FIN,TUR,reciprocal_asymmetry_candidate,187,102,45,2015,2021,3.266251336898396,1.6837540102006996
BGR,GRC,reciprocal_asymmetry_candidate,184,110,51,2015,2021,3.2701358695652174,2.0091195652747285
NOR,GBR,reciprocal_asymmetry_candidate,184,137,73,2015,2022,3.2308695652173913,2.0667554336883454
EST,SWE,reciprocal_asymmetry_candidate,181,116,41,2015,2022,3.267060773480663,1.6983204466002628
SRB,HRV,reciprocal_asymmetry_candidate,181,88,41,2015,2022,3.2716629834254145,1.5485690584051222
BEL,POL,reciprocal_asymmetry_candidate,180,115,47,2015,2022,3.257738888888889,1.593988892968951
AUT,ITA,reciprocal_asymmetry_candidate,179,123,72,2015,2022,3.2743798882681565,1.429564239171089
CZE,AUT,reciprocal_asymmetry_candidate,177,102,38,2015,2022,3.2671129943502826,1.8848079124729986
AUT,UKR,reciprocal_asymmetry_candidate,177,85,59,2015,2022,3.256084745762712,1.8379660971050997
ESP,GRC,reciprocal_asymmetry_candidate,174,87,54,2015,2022,3.2193965517241376,1.844160914340795
HUN,GBR,reciprocal_asymmetry_candidate,173,92,65,2015,2021,3.2206069364161847,2.1949768700782273
EST,TUR,reciprocal_asymmetry_candidate,173,97,33,2015,2022,3.2591676300578034,2.1188728239850243
PRT,TUR,reciprocal_asymmetry_candidate,173,80,34,2015,2022,3.2145491329479765,1.0925028825991632
ESP,TUR,reciprocal_asymmetry_candidate,172,66,48,2015,2022,3.2269127906976744,1.4794127928177003
EST,LVA,reciprocal_asymmetry_candidate,168,114,34,2015,2022,3.288273809523809,1.8058392859744519
ITA,TUR,reciprocal_asymmetry_candidate,164,101,66,2013,2022,3.237115853658537,1.3330182951744418
GRC,ITA,reciprocal_asymmetry_candidate,162,127,78,2015,2022,3.2396851851851847,1.7601111039611292
ISL,SWE,reciprocal_asymmetry_candidate,162,86,41,2015,2022,3.2518333333333334,2.0069567979669864
ISL,NOR,reciprocal_asymmetry_candidate,158,92,35,2015,2022,3.2382658227848102,1.87363290937641
TUR,GRC,reciprocal_asymmetry_candidate,158,105,66,2015,2022,3.266113924050633,0.7925506364038403
CZE,ITA,reciprocal_asymmetry_candidate,156,92,36,2015,2022,3.245980769230769,1.366628211417731
SWE,HUN,reciprocal_asymmetry_candidate,153,103,57,2015,2022,3.248300653594771,1.1914313701924935
HRV,SVN,reciprocal_asymmetry_candidate,150,95,51,2015,2022,3.2742066666666667,1.9554133313459654
HRV,AUT,reciprocal_asymmetry_candidate,148,106,54,2015,2022,3.24897972972973,1.8717499991400621
HRV,BIH,reciprocal_asymmetry_candidate,146,88,44,2015,2022,3.291993150684932,1.6673493101054242
NLD,BEL,reciprocal_asymmetry_candidate,146,121,60,2015,2022,3.273883561643836,1.772157539410217
ESP,ITA,reciprocal_asymmetry_candidate,146,88,47,2015,2022,3.212369863013699,1.9877876643958974
BIH,GBR,reciprocal_asymmetry_candidate,143,8,6,2015,2021,3.637594405594406,2.6796644060901804
HUN,POL,reciprocal_asymmetry_candidate,141,94,50,2015,2022,3.236099290780142,1.8288439740525915
HUN,ITA,reciprocal_asymmetry_candidate,139,111,49,2015,2022,3.2280575539568344,1.6699928047684887
FRA,ITA,reciprocal_asymmetry_candidate,138,113,57,2017,2022,3.2364130434782608,1.2511159436476915
CZE,GBR,reciprocal_asymmetry_candidate,134,66,37,2015,2022,3.2082388059701494,1.9439104527196804
BIH,HRV,reciprocal_asymmetry_candidate,133,69,35,2015,2022,3.289436090225564,1.848736829173408
EST,POL,reciprocal_asymmetry_candidate,132,97,38,2015,2022,3.2472575757575757,1.4785606029274112
SWE,NOR,reciprocal_asymmetry_candidate,131,93,52,2015,2022,3.2748167938931294,1.8417099317578414
HRV,HUN,reciprocal_asymmetry_candidate,128,91,49,2015,2022,3.24709375,1.35477343317325
LVA,UKR,reciprocal_asymmetry_candidate,127,80,41,2015,2022,3.244984251968504,2.07246456080021
NLD,ESP,reciprocal_asymmetry_candidate,125,98,51,2015,2022,3.269856,1.6891200027503073
HRV,ITA,reciprocal_asymmetry_candidate,125,92,46,2015,2022,3.230792,1.842247995971702
NOR,ITA,reciprocal_asymmetry_candidate,125,91,49,2015,2021,3.234496,2.0256479996442796
SWE,GBR,reciprocal_asymmetry_candidate,123,74,42,2015,2022,3.1939512195121953,2.3737560918145792
BEL,AUT,reciprocal_asymmetry_candidate,122,92,32,2015,2022,3.2450573770491804,1.913245901495951
CZE,POL,reciprocal_asymmetry_candidate,120,78,37,2015,2022,3.2370916666666667,1.6915166623230713
AUT,SWE,reciprocal_asymmetry_candidate,116,88,45,2015,2022,3.2501293103448274,1.765827593072478
SWE,FIN,reciprocal_asymmetry_candidate,116,94,55,2015,2022,3.2431724137931037,2.206232759266578
PRT,UKR,reciprocal_asymmetry_candidate,116,62,38,2015,2022,3.2023448275862068,1.985982761983278
SVN,BIH,reciprocal_asymmetry_candidate,116,84,38,2015,2021,3.2853793103448274,1.4266206874544252
GRC,GBR,reciprocal_asymmetry_candidate,112,80,50,2015,2022,3.210473214285714,1.4422410692953105
BIH,SRB,reciprocal_asymmetry_candidate,111,60,36,2015,2021,3.2744684684684686,1.8226486532067931
NLD,AUT,reciprocal_asymmetry_candidate,110,92,40,2015,2022,3.2708545454545455,1.92356363133612
SVN,SRB,reciprocal_asymmetry_candidate,108,80,36,2015,2022,3.2664537037037036,1.922481494679771
PRT,GBR,reciprocal_asymmetry_candidate,107,56,33,2015,2022,3.23407476635514,1.9188224330161499
ISL,HUN,reciprocal_asymmetry_candidate,106,64,23,2015,2022,3.2389056603773585,1.1435754747252982
ISL,ITA,reciprocal_asymmetry_candidate,105,63,27,2015,2022,3.2457714285714285,1.121371429449036
EST,GBR,reciprocal_asymmetry_candidate,105,63,33,2015,2022,3.2053333333333334,1.8086857172727053
FRA,TUR,reciprocal_asymmetry_candidate,105,82,46,2017,2022,3.245561904761905,0.9197142937619771
ITA,GBR,reciprocal_asymmetry_candidate,103,68,58,2013,2021,3.2101165048543687,1.9165533985580923
EST,ITA,reciprocal_asymmetry_candidate,100,73,26,2015,2022,3.24794,1.7384299961477518
EST,GRC,reciprocal_asymmetry_candidate,100,73,33,2015,2022,3.2374799999999997,1.7144499991927296
SWE,POL,reciprocal_asymmetry_candidate,98,81,49,2015,2022,3.246775510204082,1.668091832184974
ITA,UKR,reciprocal_asymmetry_candidate,96,61,48,2014,2022,3.2284479166666666,1.7299374910556555
POL,GRC,reciprocal_asymmetry_candidate,96,56,39,2016,2022,3.251364583333333,1.9474166767419472
HUN,HRV,reciprocal_asymmetry_candidate,95,70,41,2015,2022,3.250178947368421,2.1733684122562407
HRV,GRC,reciprocal_asymmetry_candidate,94,61,38,2015,2022,3.2647021276595747,1.642882975705087
NLD,SWE,reciprocal_asymmetry_candidate,94,80,38,2015,2022,3.2442659574468085,1.5926063753109663
SVN,SWE,reciprocal_asymmetry_candidate,93,64,27,2015,2021,3.2513440860215055,1.65878494718783
PRT,GRC,reciprocal_asymmetry_candidate,93,52,34,2015,2022,3.190559139784946,1.8994301232278987
SVN,UKR,reciprocal_asymmetry_candidate,92,53,25,2015,2022,3.2453043478260866,1.5169456594056734
FIN,GRC,reciprocal_asymmetry_candidate,91,66,38,2015,2021,3.2471648351648352,1.2784835151550207
SRB,HUN,reciprocal_asymmetry_candidate,91,51,29,2015,2021,3.2625054945054943,2.2882417472729277
BGR,GBR,reciprocal_asymmetry_candidate,90,33,23,2015,2020,3.2403,2.7110555469989777
POL,TUR,reciprocal_asymmetry_candidate,90,64,44,2015,2022,3.2493333333333334,2.407399994147838
SVN,GBR,reciprocal_asymmetry_candidate,90,61,36,2015,2021,3.223033333333333,1.9717111048599085
GRC,ESP,reciprocal_asymmetry_candidate,89,72,49,2015,2021,3.2425842696629212,1.8111909996467026
NOR,POL,reciprocal_asymmetry_candidate,87,62,34,2015,2022,3.2672988505747127,1.7725747121476578
BEL,SWE,reciprocal_asymmetry_candidate,82,64,29,2015,2022,3.2889999999999997,2.2050731749978008
GRC,BGR,reciprocal_asymmetry_candidate,80,66,46,2015,2021,3.2816375,1.6831999919144436
ISL,GBR,reciprocal_asymmetry_candidate,77,50,30,2015,2022,3.1883246753246755,1.7890129964556787
POL,ITA,reciprocal_asymmetry_candidate,77,50,37,2016,2022,3.251103896103896,2.0776363680163374
ITA,GRC,reciprocal_asymmetry_candidate,75,60,47,2013,2022,3.2110533333333335,1.7252800061553717
AUT,GBR,reciprocal_asymmetry_candidate,74,55,41,2015,2022,3.178783783783784,1.4169189122794952
SWE,ITA,reciprocal_asymmetry_candidate,74,63,34,2015,2022,3.242905405405405,1.8763918965249449
TUR,BGR,reciprocal_asymmetry_candidate,73,41,35,2015,2022,3.273698630136986,1.5184931465718028
FIN,NOR,reciprocal_asymmetry_candidate,72,60,41,2015,2021,3.2299861111111112,2.284791672291855
UKR,POL,reciprocal_asymmetry_candidate,72,46,35,2015,2022,3.289388888888889,2.298763900400243
FIN,ITA,reciprocal_asymmetry_candidate,70,55,32,2015,2021,3.2343142857142855,1.4556571388351065
ITA,ESP,reciprocal_asymmetry_candidate,70,48,41,2013,2022,3.244542857142857,1.857485715565937
POL,HUN,reciprocal_asymmetry_candidate,68,56,45,2016,2022,3.2566617647058824,2.462691186379422
LVA,GBR,reciprocal_asymmetry_candidate,67,37,23,2015,2022,3.247417910447761,1.913208960485992
AUT,POL,reciprocal_asymmetry_candidate,66,45,36,2015,2022,3.2609848484848483,1.7638636375071877
HUN,SVN,reciprocal_asymmetry_candidate,65,45,33,2015,2022,3.2521846153846155,2.04515383541584
NOR,FIN,reciprocal_asymmetry_candidate,65,52,36,2015,2022,3.2306153846153847,2.8025230979690186
FIN,GBR,reciprocal_asymmetry_candidate,65,38,28,2015,2021,3.1830000000000003,2.135292320068066
ISL,TUR,reciprocal_asymmetry_candidate,65,37,24,2015,2022,3.2347076923076923,1.517646148456977
FRA,GRC,reciprocal_asymmetry_candidate,64,54,32,2017,2022,3.235703125,0.9379218778485665
SRB,BGR,reciprocal_asymmetry_candidate,64,46,32,2015,2021,3.24384375,2.5347656169178663
AUT,SVN,reciprocal_asymmetry_candidate,64,43,29,2015,2022,3.26871875,1.9547187527059577
HUN,BGR,reciprocal_asymmetry_candidate,63,52,31,2015,2022,3.2345873015873017,2.0989206342824867
NLD,NOR,reciprocal_asymmetry_candidate,63,38,21,2015,2022,3.266031746031746,2.0677777797220247
GRC,NLD,reciprocal_asymmetry_candidate,62,43,26,2015,2021,3.2373387096774193,2.037919367513349
ESP,UKR,reciprocal_asymmetry_candidate,62,43,34,2015,2022,3.2088870967741934,1.7511451517141634
EST,HUN,reciprocal_asymmetry_candidate,61,52,20,2015,2022,3.2337704918032784,1.199311477849718
FRA,ESP,reciprocal_asymmetry_candidate,61,54,35,2017,2022,3.230409836065574,1.6889836259003057
SVN,POL,reciprocal_asymmetry_candidate,58,45,23,2015,2022,3.231413793103448,1.5390689702190716
LVA,EST,reciprocal_asymmetry_candidate,58,42,31,2015,2022,3.268293103448276,2.2911551775860377
CZE,NOR,reciprocal_asymmetry_candidate,55,17,8,2015,2022,3.2910727272727276,1.543345465070822
BGR,SRB,reciprocal_asymmetry_candidate,55,40,17,2015,2021,3.277490909090909,1.888800003819845
HUN,SWE,reciprocal_asymmetry_candidate,52,39,24,2015,2022,3.226826923076923,1.1315384621803577
CZE,SWE,reciprocal_asymmetry_candidate,51,38,22,2015,2022,3.223607843137255,1.4584901903472913
BEL,BIH,reciprocal_asymmetry_candidate,50,24,13,2015,2021,3.2752800000000004,1.9142799978982656
BGR,HUN,reciprocal_asymmetry_candidate,50,40,22,2015,2022,3.23404,2.1455200120061635
BEL,NOR,reciprocal_asymmetry_candidate,50,33,14,2015,2021,3.2574,2.4013400042057036
CZE,BGR,reciprocal_asymmetry_candidate,48,31,19,2015,2022,3.2523750000000002,2.8414791554775243
GRC,SWE,reciprocal_asymmetry_candidate,48,43,30,2015,2021,3.2354583333333333,1.8804791773824643
BEL,BGR,reciprocal_asymmetry_candidate,48,34,17,2015,2022,3.2740625,1.5986666641013774
HUN,CZE,reciprocal_asymmetry_candidate,47,42,29,2015,2022,3.2604042553191492,1.7727234094066824
GRC,AUT,reciprocal_asymmetry_candidate,47,41,31,2015,2021,3.282042553191489,1.493276591313646
NLD,BGR,reciprocal_asymmetry_candidate,46,37,26,2015,2021,3.2639782608695653,2.0004348039991506
PRT,ITA,reciprocal_asymmetry_candidate,46,39,20,2015,2022,3.176695652173913,1.7248043493651177
HRV,EST,reciprocal_asymmetry_candidate,46,20,13,2017,2021,3.2811086956521742,3.137978275185046
SRB,AUT,reciprocal_asymmetry_candidate,45,31,22,2015,2021,3.2417555555555553,1.9882222105748952
HUN,ESP,reciprocal_asymmetry_candidate,44,37,26,2015,2021,3.2349772727272725,1.4024090854959055
AUT,SRB,reciprocal_asymmetry_candidate,44,36,28,2015,2022,3.2557954545454546,1.7029545394365082
AUT,BIH,reciprocal_asymmetry_candidate,44,32,23,2015,2022,3.2936363636363635,2.2817045547576114
GRC,HUN,reciprocal_asymmetry_candidate,44,38,25,2015,2021,3.244818181818182,1.0898408987559378
SRB,BIH,reciprocal_asymmetry_candidate,43,30,26,2015,2022,3.2738372093023256,2.7818604891816543
HRV,POL,reciprocal_asymmetry_candidate,43,35,22,2015,2022,3.2238837209302327,2.2871627980020155
NOR,BIH,reciprocal_asymmetry_candidate,43,28,21,2015,2022,3.2473255813953488,2.3761162861835126
ISL,FIN,reciprocal_asymmetry_candidate,42,35,18,2015,2022,3.212928571428572,2.1262381034237996
LVA,POL,reciprocal_asymmetry_candidate,42,30,18,2016,2022,3.240714285714286,1.858166674418109
FIN,AUT,reciprocal_asymmetry_candidate,41,39,24,2015,2021,3.2012439024390247,2.124341457718756
FIN,POL,reciprocal_asymmetry_candidate,41,30,22,2016,2021,3.281780487804878,1.046292685128453
SRB,GRC,reciprocal_asymmetry_candidate,41,34,21,2015,2021,3.253170731707317,2.128146334210547
PRT,ESP,reciprocal_asymmetry_candidate,40,30,22,2015,2022,3.1832000000000003,2.1463750079623423
ITA,AUT,reciprocal_asymmetry_candidate,40,33,29,2013,2021,3.2265,1.6741999824531377
ESP,GBR,reciprocal_asymmetry_candidate,39,34,21,2015,2022,3.236051282051282,1.8080769337904758
BGR,ITA,reciprocal_asymmetry_candidate,38,24,13,2015,2021,3.2525,1.8966052683168335
BEL,SRB,reciprocal_asymmetry_candidate,37,26,17,2015,2021,3.2744054054054055,1.6459459561753917
FIN,UKR,reciprocal_asymmetry_candidate,37,35,26,2015,2021,3.2163243243243245,1.8314864889190003
GBR,BIH,reciprocal_asymmetry_candidate,37,25,20,2015,2022,3.2674324324324324,2.359378378448152
EST,NOR,reciprocal_asymmetry_candidate,37,30,17,2015,2022,3.2543513513513513,1.4097567644675035
CZE,SVN,reciprocal_asymmetry_candidate,37,24,14,2015,2022,3.2713783783783783,2.566270247957594
SWE,NLD,reciprocal_asymmetry_candidate,37,34,21,2015,2022,3.2253783783783785,2.356540546223924
GRC,BEL,reciprocal_asymmetry_candidate,36,30,24,2015,2021,3.228833333333333,1.2504166753755674
SVN,CZE,reciprocal_asymmetry_candidate,36,32,17,2015,2022,3.2885833333333334,2.1211388865485787
CZE,SRB,reciprocal_asymmetry_candidate,36,26,18,2015,2022,3.2542222222222223,2.2321110999004707
SWE,AUT,reciprocal_asymmetry_candidate,36,34,16,2015,2021,3.2321666666666666,1.9524722291777532
POL,CZE,reciprocal_asymmetry_candidate,35,31,26,2016,2022,3.287657142857143,2.1954285773847784
FIN,HUN,reciprocal_asymmetry_candidate,35,30,19,2015,2021,3.2382285714285715,1.5392285738672529
HRV,BGR,reciprocal_asymmetry_candidate,34,34,18,2015,2020,3.2360588235294117,2.076235292972449
GRC,PRT,reciprocal_asymmetry_candidate,33,28,19,2015,2021,3.2553636363636365,2.157030308788473
POL,NLD,reciprocal_asymmetry_candidate,33,27,24,2016,2022,3.257878787878788,2.1085757500294484
ESP,HUN,reciprocal_asymmetry_candidate,33,28,24,2015,2022,3.226272727272727,0.8520909057873668
FIN,EST,reciprocal_asymmetry_candidate,33,23,18,2015,2021,3.2483939393939396,2.114848477935249
TUR,UKR,reciprocal_asymmetry_candidate,33,26,22,2016,2022,3.241090909090909,1.3936363603129531
AUT,CZE,reciprocal_asymmetry_candidate,33,29,22,2015,2022,3.314787878787879,2.588090902702375
GRC,SRB,reciprocal_asymmetry_candidate,32,23,19,2015,2021,3.26503125,2.7028437592089176
BGR,POL,reciprocal_asymmetry_candidate,32,25,13,2015,2022,3.234125,2.236968751763925
HRV,ESP,reciprocal_asymmetry_candidate,32,21,14,2015,2022,3.223875,2.3800312852545176
NOR,NLD,reciprocal_asymmetry_candidate,32,23,20,2015,2020,3.22659375,1.6498437533155084
BEL,CZE,reciprocal_asymmetry_candidate,32,29,12,2015,2022,3.27084375,1.768656260566786
BEL,HRV,reciprocal_asymmetry_candidate,31,25,14,2015,2022,3.2481612903225807,1.3908387095997892
SRB,TUR,reciprocal_asymmetry_candidate,31,23,21,2015,2021,3.21658064516129,2.264612915264743
NOR,HUN,reciprocal_asymmetry_candidate,30,27,17,2015,2022,3.2253666666666665,1.4690666643281778
BGR,AUT,reciprocal_asymmetry_candidate,30,24,14,2015,2021,3.240533333333333,2.032599999134739
SVN,NLD,reciprocal_asymmetry_candidate,30,25,18,2015,2021,3.2374,2.0609666839241982
BEL,PRT,reciprocal_asymmetry_candidate,29,26,21,2015,2022,3.2441379310344827,2.071310326424909
FRA,HUN,reciprocal_asymmetry_candidate,29,24,19,2017,2022,3.2181034482758624,0.886965526428459
AUT,BGR,reciprocal_asymmetry_candidate,29,27,21,2015,2022,3.2344137931034482,1.71658620191738
SVN,BEL,reciprocal_asymmetry_candidate,29,22,18,2015,2021,3.2322413793103446,1.7748275979839523
HRV,CZE,reciprocal_asymmetry_candidate,29,22,16,2015,2020,3.2883793103448276,2.692206898896859
ITA,HUN,reciprocal_asymmetry_candidate,29,25,22,2014,2022,3.216793103448276,0.8535172471070084
POL,LVA,reciprocal_asymmetry_candidate,28,24,19,2016,2022,3.239142857142857,2.4734285654766217
SRB,SVN,reciprocal_asymmetry_candidate,28,18,13,2015,2021,3.242035714285714,2.5290000226647993
TUR,GBR,reciprocal_asymmetry_candidate,28,24,21,2015,2022,3.211642857142857,1.7012857225324427
ITA,POL,reciprocal_asymmetry_candidate,28,23,19,2013,2022,3.224214285714286,1.5463214502337255
HRV,SWE,reciprocal_asymmetry_candidate,27,22,15,2015,2022,3.2114814814814814,1.7074444276039247
FRA,POL,reciprocal_asymmetry_candidate,27,25,22,2018,2022,3.2092222222222224,1.166962967702636
SVN,ESP,reciprocal_asymmetry_candidate,26,21,15,2015,2021,3.233769230769231,1.3980384642401567
PRT,HUN,reciprocal_asymmetry_candidate,26,18,14,2015,2022,3.1992307692307693,0.7199615403436698
GRC,POL,reciprocal_asymmetry_candidate,26,22,17,2015,2021,3.260423076923077,1.6759230867028236
ISL,POL,reciprocal_asymmetry_candidate,25,21,14,2015,2022,3.24296,1.6776399952173233
HUN,BIH,reciprocal_asymmetry_candidate,25,22,15,2015,2021,3.24748,2.0756399804353713
AUT,ESP,reciprocal_asymmetry_candidate,25,20,14,2015,2020,3.2837599999999996,1.8024000117182732
AUT,HRV,reciprocal_asymmetry_candidate,25,21,18,2015,2022,3.25064,2.1087200112640856
NLD,CZE,reciprocal_asymmetry_candidate,25,23,19,2015,2022,3.29016,2.2623999889940025
NLD,PRT,reciprocal_asymmetry_candidate,25,18,13,2015,2021,3.2695999999999996,2.228760006427765
CZE,ESP,reciprocal_asymmetry_candidate,24,19,13,2015,2022,3.2485416666666667,2.282666671827125
BIH,GRC,reciprocal_asymmetry_candidate,24,14,10,2015,2022,3.219708333333333,1.1077916782038908
BEL,FIN,reciprocal_asymmetry_candidate,24,20,14,2015,2022,3.2534166666666664,2.189000017940998
POL,AUT,reciprocal_asymmetry_candidate,24,21,18,2016,2022,3.2710833333333333,2.514958344399929
HUN,BEL,reciprocal_asymmetry_candidate,24,22,20,2015,2022,3.201875,1.4907083169867594
FRA,BEL,reciprocal_asymmetry_candidate,24,22,17,2017,2021,3.266541666666667,1.250124990940094
CZE,HRV,reciprocal_asymmetry_candidate,23,20,12,2015,2022,3.2516956521739133,2.103695643984753
NLD,SRB,reciprocal_asymmetry_candidate,23,19,11,2015,2017,3.2858695652173915,2.382956546933755
EST,NLD,reciprocal_asymmetry_candidate,23,21,12,2015,2022,3.249,1.939695650468702
ITA,SVN,reciprocal_asymmetry_candidate,22,17,15,2013,2020,3.2661363636363636,2.4647727568041193
BGR,NLD,reciprocal_asymmetry_candidate,22,13,11,2015,2019,3.2572727272727273,1.7214999849146062
EST,CZE,reciprocal_asymmetry_candidate,22,20,10,2015,2022,3.2817272727272733,1.2458636425435543
ESP,POL,reciprocal_asymmetry_candidate,21,20,18,2015,2022,3.223809523809524,1.8127142630872273
PRT,AUT,reciprocal_asymmetry_candidate,21,16,11,2015,2021,3.1716190476190476,1.6920000241980666
NLD,SVN,reciprocal_asymmetry_candidate,21,19,12,2015,2022,3.268904761904762,2.384428550799688
EST,ESP,reciprocal_asymmetry_candidate,21,15,12,2015,2022,3.2938095238095237,1.627523816767193
NLD,FIN,reciprocal_asymmetry_candidate,21,21,16,2015,2022,3.246666666666667,2.460666687715621
SVN,BGR,reciprocal_asymmetry_candidate,21,18,11,2015,2021,3.248904761904762,1.5664285627149401
GRC,NOR,reciprocal_asymmetry_candidate,20,17,13,2015,2021,3.2764,1.6819000016897916
GRC,BIH,reciprocal_asymmetry_candidate,20,14,9,2019,2020,3.2469,2.206699988991022
SWE,BGR,reciprocal_asymmetry_candidate,20,18,13,2016,2022,3.24415,2.236249962821603
BEL,SVN,reciprocal_asymmetry_candidate,20,19,14,2015,2022,3.2327,1.7952499687206
HRV,FIN,reciprocal_asymmetry_candidate,20,15,11,2015,2022,3.2177,2.655799962580204
NOR,LVA,reciprocal_asymmetry_candidate,20,17,8,2016,2021,3.25,1.3139499999582767
FRA,SWE,reciprocal_asymmetry_candidate,19,18,14,2017,2022,3.2289473684210526,1.8428947564802671
POL,BGR,reciprocal_asymmetry_candidate,19,15,12,2016,2021,3.280157894736842,2.485789490373511
AUT,NLD,reciprocal_asymmetry_candidate,19,17,13,2015,2021,3.204684210526316,2.450052647214187
CZE,BEL,reciprocal_asymmetry_candidate,19,17,12,2015,2021,3.2158947368421056,1.1834736819820184
FIN,ESP,reciprocal_asymmetry_candidate,19,16,13,2016,2021,3.2202105263157894,1.6396315762479055
FIN,NLD,reciprocal_asymmetry_candidate,18,11,11,2015,2021,3.262166666666667,2.1912221975831523
POL,ESP,reciprocal_asymmetry_candidate,18,17,13,2016,2022,3.2457777777777777,2.7250555323229895
HRV,NOR,reciprocal_asymmetry_candidate,17,13,11,2015,2021,3.238294117647059,2.044058820780586
FRA,NLD,reciprocal_asymmetry_candidate,17,16,11,2017,2021,3.240764705882353,1.6451176527668447
HUN,FIN,reciprocal_asymmetry_candidate,17,14,11,2015,2022,3.2307058823529413,1.3812352927292095
BIH,UKR,reciprocal_asymmetry_candidate,17,7,7,2022,2022,3.2491176470588234,2.0536470557836926
SWE,ESP,reciprocal_asymmetry_candidate,17,16,12,2015,2022,3.249058823529412,1.4408235313261257
POL,SWE,reciprocal_asymmetry_candidate,16,13,13,2016,2022,3.27625,2.1345624448149465
TUR,ITA,reciprocal_asymmetry_candidate,16,15,15,2015,2020,3.2509375,1.0639999845298007
TUR,SWE,reciprocal_asymmetry_candidate,16,11,8,2015,2022,3.3016875,1.743875005748123
GRC,HRV,reciprocal_asymmetry_candidate,16,12,11,2015,2021,3.285,1.3645624730270356
ESP,PRT,reciprocal_asymmetry_candidate,15,12,9,2016,2022,3.1961333333333335,2.0801999866962433
POL,NOR,reciprocal_asymmetry_candidate,15,11,11,2016,2020,3.3064000000000004,2.0900666798154512
TUR,NLD,reciprocal_asymmetry_candidate,15,13,9,2016,2022,3.2090666666666663,1.2985333318511645
ITA,SWE,reciprocal_asymmetry_candidate,15,14,13,2013,2022,3.2106666666666666,2.1109333684047065
EST,AUT,reciprocal_asymmetry_candidate,15,15,12,2015,2022,3.2421333333333333,1.5471333210046092
CZE,NLD,reciprocal_asymmetry_candidate,15,12,9,2015,2020,3.183133333333333,1.600266658514738
HUN,NLD,reciprocal_asymmetry_candidate,15,15,12,2015,2022,3.2095333333333333,1.406599998474121
TUR,BIH,reciprocal_asymmetry_candidate,15,11,10,2015,2019,3.2548666666666666,2.3636000553766885
NLD,EST,reciprocal_asymmetry_candidate,14,14,11,2015,2021,3.246642857142857,1.8744999468326569
HRV,PRT,reciprocal_asymmetry_candidate,14,12,9,2017,2022,3.23,2.656928599213383
TUR,ESP,reciprocal_asymmetry_candidate,14,13,11,2015,2022,3.266214285714286,1.8072143236807148
SRB,GBR,reciprocal_asymmetry_candidate,14,13,11,2016,2021,3.1957142857142857,1.8028571297015463
BIH,TUR,reciprocal_asymmetry_candidate,14,12,10,2015,2022,3.201,1.5376428586563893
PRT,POL,reciprocal_asymmetry_candidate,14,12,10,2015,2022,3.1979285714285717,1.310214293588485
FRA,UKR,reciprocal_asymmetry_candidate,14,11,9,2017,2022,3.2217142857142855,1.6145000149096762
ITA,FIN,reciprocal_asymmetry_candidate,13,11,10,2013,2022,3.213769230769231,2.5986153987737803
NLD,HRV,reciprocal_asymmetry_candidate,13,12,10,2015,2021,3.286230769230769,1.7740000474195068
UKR,GBR,reciprocal_asymmetry_candidate,13,10,9,2016,2022,3.2186923076923075,2.8225384858938365
TUR,POL,reciprocal_asymmetry_candidate,13,9,9,2016,2022,3.2783076923076924,1.41930769269283
TUR,HUN,reciprocal_asymmetry_candidate,13,10,8,2016,2022,3.2603846153846154,1.4173077138570638
NOR,ESP,reciprocal_asymmetry_candidate,13,12,10,2015,2021,3.2443076923076926,1.6366922970001514
HUN,LVA,reciprocal_asymmetry_candidate,13,11,8,2017,2022,3.1926923076923077,2.0105384565316715
ISL,BGR,reciprocal_asymmetry_candidate,13,10,8,2020,2022,3.244769230769231,1.3049230747498
ISL,ESP,reciprocal_asymmetry_candidate,13,9,8,2017,2022,3.249923076923077,1.480615401497254
SVN,FIN,reciprocal_asymmetry_candidate,13,11,9,2015,2021,3.2213076923076924,1.8299999966357763
NLD,LVA,reciprocal_asymmetry_candidate,13,12,11,2015,2022,3.253846153846154,1.8240768852142186
GRC,SVN,reciprocal_asymmetry_candidate,13,11,10,2015,2021,3.3145384615384614,2.026307714673189
HRV,NLD,reciprocal_asymmetry_candidate,13,12,10,2015,2022,3.2325384615384616,2.207461570389569
TUR,AUT,reciprocal_asymmetry_candidate,13,11,11,2015,2021,3.2271538461538465,0.9367692275689199
NOR,AUT,reciprocal_asymmetry_candidate,13,12,10,2016,2022,3.2412307692307696,1.9448461337731435
BGR,ESP,reciprocal_asymmetry_candidate,13,8,5,2015,2020,3.3093076923076925,2.1799230609948816
BEL,LVA,reciprocal_asymmetry_candidate,12,8,7,2015,2021,3.2696666666666663,2.107833315928777
EST,BEL,reciprocal_asymmetry_candidate,12,11,8,2015,2022,3.2505,1.148000009629565
AUT,EST,reciprocal_asymmetry_candidate,12,12,10,2015,2021,3.234583333333333,2.264833332349857
TUR,SRB,reciprocal_asymmetry_candidate,12,8,8,2016,2022,3.315416666666667,1.113750021904707
NOR,SRB,reciprocal_asymmetry_candidate,12,8,5,2015,2017,3.2425,2.2918333361546197
NOR,ISL,reciprocal_asymmetry_candidate,12,11,11,2015,2022,3.1993333333333336,2.1085000286499658
LVA,SWE,reciprocal_asymmetry_candidate,12,11,10,2016,2022,3.2848333333333333,1.3644166844896972
UKR,NLD,reciprocal_asymmetry_candidate,12,3,3,2016,2022,3.2373333333333334,3.2412500207622847
NOR,BGR,reciprocal_asymmetry_candidate,12,11,8,2016,2020,3.2154166666666666,2.5825833131869635
ESP,AUT,reciprocal_asymmetry_candidate,12,10,8,2015,2022,3.2230000000000003,0.8393333260901272
LVA,GRC,reciprocal_asymmetry_candidate,12,9,8,2015,2022,3.2419166666666666,1.5193333271890879
LVA,ITA,reciprocal_asymmetry_candidate,12,11,9,2015,2022,3.27,1.6186666836341221
POL,EST,reciprocal_asymmetry_candidate,12,12,10,2016,2022,3.2023333333333333,2.2266666491826377
EST,SVN,reciprocal_asymmetry_candidate,12,9,5,2015,2022,3.28375,2.834083360930284
HUN,PRT,reciprocal_asymmetry_candidate,12,12,10,2015,2022,3.2106666666666666,2.4813333290318647
GRC,FIN,reciprocal_asymmetry_candidate,11,10,9,2015,2021,3.3413636363636368,2.9765454530715942
SWE,EST,reciprocal_asymmetry_candidate,11,8,7,2015,2019,3.266363636363636,2.6952727247368204
GRC,UKR,reciprocal_asymmetry_candidate,11,11,8,2015,2021,3.2072727272727275,1.4798181673342532
ITA,NLD,reciprocal_asymmetry_candidate,11,10,9,2014,2020,3.1901818181818182,1.4370000010186976
AUT,BEL,reciprocal_asymmetry_candidate,11,10,9,2015,2021,3.2316363636363636,1.7077272392132066
SVN,LVA,reciprocal_asymmetry_candidate,11,9,8,2015,2020,3.369363636363637,1.8690000352534382
FIN,BEL,reciprocal_asymmetry_candidate,11,10,10,2016,2021,3.2344545454545455,1.444090914319862
FRA,PRT,reciprocal_asymmetry_candidate,11,10,10,2018,2020,3.210090909090909,2.0743636868216773
SWE,BIH,reciprocal_asymmetry_candidate,11,11,8,2015,2022,3.2449090909090903,1.8711818036707966
TUR,BEL,reciprocal_asymmetry_candidate,11,10,9,2015,2022,3.2653636363636362,2.0136363635008987
LVA,FIN,reciprocal_asymmetry_candidate,11,8,6,2015,2022,3.298090909090909,1.9892727136611938
LVA,TUR,reciprocal_asymmetry_candidate,11,9,8,2015,2022,3.2424545454545455,1.9514545500278473
ITA,BEL,reciprocal_asymmetry_candidate,11,10,10,2013,2020,3.2241818181818185,1.3284545554356142
ITA,NOR,reciprocal_asymmetry_candidate,10,10,8,2014,2020,3.2628,1.8902000159025192
SRB,CZE,reciprocal_asymmetry_candidate,10,8,5,2016,2021,3.2942,1.6996000054292382
ISL,NLD,reciprocal_asymmetry_candidate,10,9,7,2015,2021,3.226,1.9290999919176102
NOR,BEL,reciprocal_asymmetry_candidate,10,8,7,2016,2019,3.2634,0.99319998472929
FIN,ISL,reciprocal_asymmetry_candidate,10,8,8,2016,2021,3.2237999999999998,2.317900013923645
SWE,CZE,reciprocal_asymmetry_candidate,10,10,9,2016,2021,3.2594000000000003,0.8333000004291534
ISL,BEL,reciprocal_asymmetry_candidate,10,10,7,2015,2022,3.1985,1.5117000043392181
ESP,SWE,reciprocal_asymmetry_candidate,10,9,9,2015,2022,3.2268,1.7871000008657574
POL,SVN,reciprocal_asymmetry_candidate,10,10,9,2016,2022,3.2712000000000003,2.850300019979477
BEL,EST,reciprocal_asymmetry_candidate,10,8,5,2017,2022,3.2037,2.882599985599518
BIH,SWE,reciprocal_asymmetry_candidate,10,7,7,2015,2020,3.2258000000000004,1.971000011265278
BIH,AUT,reciprocal_asymmetry_candidate,10,8,8,2016,2020,3.2531,2.188799984753132
SRB,SWE,reciprocal_asymmetry_candidate,10,9,5,2015,2021,3.2428,2.088500027358532
POL,HRV,reciprocal_asymmetry_candidate,10,10,10,2016,2022,3.2494,2.472599995136261
BGR,SWE,reciprocal_asymmetry_candidate,10,9,9,2015,2018,3.2044000000000006,2.354000014811754
PRT,SWE,reciprocal_asymmetry_candidate,10,8,6,2016,2022,3.1937,2.016499970853329
ESP,BIH,reciprocal_asymmetry_candidate,9,8,5,2017,2022,3.2133333333333334,2.0113333430555134
CZE,BIH,reciprocal_asymmetry_candidate,9,9,9,2015,2022,3.273,2.0155555407206216
AUT,NOR,reciprocal_asymmetry_candidate,9,7,7,2015,2021,3.257111111111111,2.2211111138264337
HRV,ISL,reciprocal_asymmetry_candidate,9,6,4,2018,2019,3.258888888888889,2.5219999959485397
UKR,ITA,reciprocal_asymmetry_candidate,9,6,6,2015,2019,3.2520000000000002,0.8174444221787982
FRA,CZE,reciprocal_asymmetry_candidate,9,9,7,2017,2022,3.215333333333333,1.4265555726985137
CZE,FIN,reciprocal_asymmetry_candidate,9,8,7,2015,2022,3.2254444444444443,2.949000031195788
SWE,BEL,reciprocal_asymmetry_candidate,9,9,8,2016,2021,3.2110000000000003,1.7062221997314029
NLD,BIH,reciprocal_asymmetry_candidate,9,8,7,2015,2021,3.327,2.5976666935409107
BIH,SVN,reciprocal_asymmetry_candidate,9,9,8,2017,2021,3.238555555555555,0.8268888743801249
POL,BEL,reciprocal_asymmetry_candidate,9,9,9,2015,2021,3.244,1.6146666606267293
SRB,ITA,reciprocal_asymmetry_candidate,9,9,7,2018,2021,3.250888888888889,1.4669999972813659
SRB,POL,reciprocal_asymmetry_candidate,8,8,5,2016,2019,3.22,2.6246249862015247
ITA,SRB,reciprocal_asymmetry_candidate,8,7,7,2015,2020,3.242125,1.2112499962095171
BGR,CZE,reciprocal_asymmetry_candidate,8,8,7,2015,2022,3.28575,1.3226249765139073
ITA,HRV,reciprocal_asymmetry_candidate,8,5,5,2015,2017,3.235875,1.2022500094026327
PRT,NLD,reciprocal_asymmetry_candidate,8,8,8,2015,2022,3.16175,1.5268749929964542
LVA,NOR,reciprocal_asymmetry_candidate,8,5,5,2015,2021,3.2485,1.5411249995231628
FRA,AUT,reciprocal_asymmetry_candidate,8,8,8,2017,2020,3.2424999999999997,1.4343749973922968
ESP,BEL,reciprocal_asymmetry_candidate,8,7,5,2016,2022,3.232125,1.2517500007525086
ISL,PRT,reciprocal_asymmetry_candidate,8,8,5,2018,2022,3.26625,1.9546250030398369
ITA,BIH,reciprocal_asymmetry_candidate,8,5,4,2014,2020,3.223875,2.5156249832361937
SRB,UKR,reciprocal_asymmetry_candidate,8,6,6,2015,2021,3.251875,0.6827500262588728
GRC,CZE,reciprocal_asymmetry_candidate,8,5,4,2015,2021,3.316,1.4172499738633633
FIN,PRT,reciprocal_asymmetry_candidate,7,6,6,2016,2018,3.1791428571428573,2.064571400838239
BIH,HUN,reciprocal_asymmetry_candidate,7,6,4,2015,2021,3.2302857142857144,1.2788571502481187
SVN,PRT,reciprocal_asymmetry_candidate,7,5,5,2015,2018,3.244285714285714,2.1137142862592424
SRB,NOR,reciprocal_asymmetry_candidate,7,4,4,2018,2021,3.262857142857143,3.3014285564422607
ITA,BGR,reciprocal_asymmetry_candidate,7,7,7,2014,2021,3.2088571428571426,1.8362857124635152
HRV,BEL,reciprocal_asymmetry_candidate,7,7,7,2015,2022,3.2435714285714283,2.7978571323411807
BIH,BGR,reciprocal_asymmetry_candidate,7,6,5,2018,2021,3.2194285714285718,1.0511428724442209
BGR,EST,reciprocal_asymmetry_candidate,7,5,4,2015,2019,3.2085714285714286,2.5367142600672588
BGR,HRV,reciprocal_asymmetry_candidate,7,6,6,2016,2019,3.2078571428571427,2.4554285407066345
FRA,BGR,reciprocal_asymmetry_candidate,7,7,6,2017,2022,3.224857142857143,0.9017142851703933
LVA,CZE,reciprocal_asymmetry_candidate,7,7,6,2015,2022,3.2712857142857144,1.369285719868328
ISL,SRB,reciprocal_asymmetry_candidate,6,4,4,2015,2022,3.1993333333333336,2.381166716416677
LVA,HUN,reciprocal_asymmetry_candidate,6,6,5,2015,2021,3.216333333333333,1.370499995847543
HUN,EST,reciprocal_asymmetry_candidate,6,6,4,2017,2021,3.2575,1.7353333284457524
SWE,SRB,reciprocal_asymmetry_candidate,6,6,4,2015,2022,3.2556666666666665,0.24683333560824394
ISL,HRV,reciprocal_asymmetry_candidate,6,5,5,2015,2022,3.2675,2.4411667386690774
FRA,LVA,reciprocal_asymmetry_candidate,6,6,5,2021,2022,3.232333333333333,2.0101666351159415
LVA,ESP,reciprocal_asymmetry_candidate,6,6,4,2015,2021,3.2443333333333335,2.8123333851496377
AUT,FIN,reciprocal_asymmetry_candidate,6,5,5,2015,2022,3.2403333333333335,2.8711666663487754
HUN,NOR,reciprocal_asymmetry_candidate,6,6,6,2015,2020,3.1843333333333335,1.8675000071525574
AUT,ISL,reciprocal_asymmetry_candidate,6,5,5,2015,2022,3.2535000000000003,4.01883339881897
ITA,PRT,reciprocal_asymmetry_candidate,6,6,6,2014,2021,3.191333333333333,1.5895000050465267
ISL,AUT,reciprocal_asymmetry_candidate,6,6,6,2015,2021,3.262333333333333,1.7684999778866768
AUT,LVA,reciprocal_asymmetry_candidate,6,4,3,2016,2022,3.283,2.7136666302879653
LVA,PRT,reciprocal_asymmetry_candidate,6,4,4,2018,2022,3.216666666666667,3.334166705608368
SVN,EST,reciprocal_asymmetry_candidate,6,5,5,2015,2018,3.2488333333333332,2.3858333826065063
FIN,CZE,reciprocal_asymmetry_candidate,5,5,4,2015,2018,3.279,1.864799976348877
LVA,HRV,reciprocal_asymmetry_candidate,5,2,2,2018,2022,3.274,2.3570000074803827
SVN,NOR,reciprocal_asymmetry_candidate,5,5,5,2015,2019,3.2366,2.779800009727478
SWE,ISL,reciprocal_asymmetry_candidate,5,5,4,2016,2020,3.2497999999999996,2.0110000133514405
GRC,LVA,reciprocal_asymmetry_candidate,5,4,3,2015,2021,3.3933999999999997,1.8837999776005745
CZE,LVA,reciprocal_asymmetry_candidate,5,5,5,2016,2022,3.2054,2.499800033122301
BGR,BEL,reciprocal_asymmetry_candidate,5,5,5,2015,2021,3.2114,1.0938000470399856
UKR,PRT,reciprocal_asymmetry_candidate,5,1,1,2022,2022,3.3006,1.4814000070095061
CZE,EST,reciprocal_asymmetry_candidate,5,5,5,2016,2022,3.22,3.2936000347137453
BGR,PRT,reciprocal_asymmetry_candidate,5,4,3,2016,2020,3.2382,2.954200029373169
SWE,LVA,reciprocal_asymmetry_candidate,5,5,4,2015,2022,3.2161999999999997,2.177400028705597
BIH,NOR,reciprocal_asymmetry_candidate,5,4,4,2018,2021,3.1824000000000003,3.007799983024597
AUT,PRT,reciprocal_asymmetry_candidate,5,4,4,2016,2020,3.2842,2.907800003886223
LVA,BEL,reciprocal_asymmetry_candidate,5,5,4,2017,2019,3.2782000000000004,1.219199995417148
FIN,LVA,reciprocal_asymmetry_candidate,5,5,5,2016,2021,3.2350000000000003,1.5247999891638755
NOR,HRV,reciprocal_asymmetry_candidate,4,3,3,2016,2020,3.3577500000000002,0.6747499788179994
UKR,LVA,reciprocal_asymmetry_candidate,4,3,3,2015,2021,3.26075,3.3424999713897705
UKR,TUR,reciprocal_asymmetry_candidate,4,4,4,2016,2021,3.22275,1.1920000277459621
ISL,SVN,reciprocal_asymmetry_candidate,4,2,2,2016,2019,3.2969999999999997,2.854000061750412
SRB,BEL,reciprocal_asymmetry_candidate,4,3,3,2015,2021,3.25525,1.334500016644597
HRV,LVA,reciprocal_asymmetry_candidate,4,3,3,2017,2021,3.222,2.044999998062849
BIH,CZE,reciprocal_asymmetry_candidate,4,4,3,2020,2021,3.23575,3.706249952316284
PRT,SRB,reciprocal_asymmetry_candidate,4,3,3,2017,2022,3.23775,0.06474999757483602
POL,FIN,reciprocal_asymmetry_candidate,4,4,4,2016,2022,3.2502500000000003,2.6340000480413437
SRB,ISL,reciprocal_asymmetry_candidate,4,4,4,2017,2021,3.20325,2.8060000259429216
UKR,CZE,reciprocal_asymmetry_candidate,4,4,4,2015,2022,3.2865,2.6392500400543213
SRB,NLD,reciprocal_asymmetry_candidate,4,4,4,2019,2021,3.23075,0.547499991953373
PRT,SVN,reciprocal_asymmetry_candidate,4,2,2,2016,2021,3.2022500000000003,1.0527500063180923
ESP,FIN,reciprocal_asymmetry_candidate,4,4,4,2016,2022,3.20525,1.1477500130422413
ITA,CZE,reciprocal_asymmetry_candidate,4,3,3,2017,2017,3.20375,0.3514999859035015
GRC,EST,reciprocal_asymmetry_candidate,4,3,3,2017,2021,3.447,2.766499988734722
BIH,ITA,reciprocal_asymmetry_candidate,4,4,4,2015,2019,3.2075,1.2879999615252018
UKR,HUN,reciprocal_asymmetry_candidate,4,4,4,2015,2021,3.25175,2.055249974131584
SWE,PRT,reciprocal_asymmetry_candidate,4,4,4,2016,2021,3.24225,2.518499981611967
PRT,BGR,reciprocal_asymmetry_candidate,4,4,4,2016,2021,3.19,0.36024999618530273
FRA,NOR,reciprocal_asymmetry_candidate,4,3,3,2017,2021,3.2375,1.0967499762773514
NOR,PRT,reciprocal_asymmetry_candidate,4,4,4,2015,2020,3.20125,1.8267499804496765
ESP,BGR,reciprocal_asymmetry_candidate,4,4,4,2015,2016,3.17175,0.22874999698251486
BGR,LVA,reciprocal_asymmetry_candidate,3,3,3,2016,2021,3.207333333333333,1.0436666707197826
ESP,NOR,reciprocal_asymmetry_candidate,3,3,3,2015,2020,3.2253333333333334,1.5150000303983688
SWE,HRV,reciprocal_asymmetry_candidate,3,3,3,2021,2022,3.2693333333333334,0.531333347161611
ESP,SRB,reciprocal_asymmetry_candidate,3,2,2,2016,2022,3.253,3.093000108997027
BIH,NLD,reciprocal_asymmetry_candidate,3,1,1,2017,2017,3.2143333333333337,2.209333294381698
SRB,FIN,reciprocal_asymmetry_candidate,3,2,2,2015,2015,3.326333333333333,3.4836666584014893
LVA,NLD,reciprocal_asymmetry_candidate,3,3,2,2016,2019,3.2086666666666672,1.1619999706745148
UKR,ESP,reciprocal_asymmetry_candidate,3,3,3,2015,2019,3.2129999999999996,2.1893332650264106
EST,SRB,reciprocal_asymmetry_candidate,3,3,3,2015,2020,3.2880000000000003,1.7953333208958309
POL,PRT,reciprocal_asymmetry_candidate,3,3,3,2016,2017,3.1910000000000003,2.628999948501587
POL,SRB,reciprocal_asymmetry_candidate,3,3,3,2016,2021,3.3753333333333333,1.6920000116030376
BGR,NOR,reciprocal_asymmetry_candidate,3,3,3,2015,2015,3.206,3.5273333390553794
BEL,ISL,reciprocal_asymmetry_candidate,3,3,2,2015,2022,3.2516666666666665,2.7103333473205566
NOR,CZE,reciprocal_asymmetry_candidate,3,3,2,2018,2019,3.243,0.9416666825612386
PRT,FIN,reciprocal_asymmetry_candidate,3,3,3,2021,2022,3.2256666666666667,1.5773333211739857
UKR,BGR,reciprocal_asymmetry_candidate,3,2,2,2018,2021,3.3930000000000002,2.0616666674613953
EST,BGR,reciprocal_asymmetry_candidate,3,3,3,2015,2017,3.263,1.197666694720586
ESP,ISL,reciprocal_asymmetry_candidate,3,2,2,2015,2017,3.235333333333333,1.4079999774694443
ITA,LVA,reciprocal_asymmetry_candidate,3,3,3,2015,2021,3.2146666666666666,3.4299999872843423
ESP,NLD,reciprocal_asymmetry_candidate,3,3,3,2016,2018,3.1910000000000003,1.072666694720586
ITA,EST,reciprocal_asymmetry_candidate,3,2,2,2015,2017,3.231333333333333,2.7866667111714682
BGR,FIN,reciprocal_asymmetry_candidate,3,3,3,2015,2019,3.1776666666666666,2.1736666758855185
TUR,NOR,reciprocal_asymmetry_candidate,3,3,3,2016,2020,3.2503333333333337,1.0829999595880508
NOR,EST,reciprocal_asymmetry_candidate,2,2,2,2016,2019,3.1985,1.7134999632835388
FRA,FIN,reciprocal_asymmetry_candidate,2,2,2,2018,2018,3.192,0.5400000065565109
BIH,EST,reciprocal_asymmetry_candidate,2,2,1,2021,2021,3.227,4.229999899864197
CZE,PRT,reciprocal_asymmetry_candidate,2,2,2,2018,2018,3.2359999999999998,2.3315000906586647
ESP,CZE,reciprocal_asymmetry_candidate,2,2,2,2017,2022,3.2415000000000003,1.7950000166893005
FRA,ISL,reciprocal_asymmetry_candidate,2,1,1,2018,2018,3.2095000000000002,1.8509999513626099
EST,HRV,reciprocal_asymmetry_candidate,2,2,2,2016,2017,3.241,3.078499913215637
PRT,LVA,reciprocal_asymmetry_candidate,2,2,2,2021,2021,3.2270000000000003,0.5985000133514404
LVA,AUT,reciprocal_asymmetry_candidate,2,1,1,2018,2018,3.214,0.09649999812245369
BGR,SVN,reciprocal_asymmetry_candidate,2,2,2,2021,2021,3.1895,2.240499973297119
PRT,CZE,reciprocal_asymmetry_candidate,2,2,2,2017,2022,3.2405,1.9345000442117453
PRT,BEL,reciprocal_asymmetry_candidate,2,2,2,2018,2021,3.205,1.1324999779462814
LVA,SVN,reciprocal_asymmetry_candidate,2,2,2,2018,2019,3.233,1.6514999568462372
TUR,FIN,reciprocal_asymmetry_candidate,2,2,2,2015,2019,3.3615,3.4410001039505005
FIN,BGR,reciprocal_asymmetry_candidate,2,2,2,2016,2018,3.198,1.296500027179718
HUN,ISL,reciprocal_asymmetry_candidate,2,2,2,2015,2019,3.207,2.809000015258789
UKR,GRC,reciprocal_asymmetry_candidate,2,2,2,2015,2020,3.2590000000000003,3.9149999618530273
FIN,BIH,reciprocal_asymmetry_candidate,2,2,2,2015,2015,3.259,2.6619999408721924
TUR,PRT,reciprocal_asymmetry_candidate,2,2,2,2016,2019,3.2105,0.8395000100135803
FIN,SRB,reciprocal_asymmetry_candidate,2,2,2,2015,2016,3.2255000000000003,2.068499982357025
ESP,LVA,reciprocal_asymmetry_candidate,2,2,2,2017,2021,3.19,1.208000011742115
BIH,BEL,reciprocal_asymmetry_candidate,2,2,2,2017,2017,3.175,3.23199999332428
NLD,ISL,reciprocal_asymmetry_candidate,2,2,2,2015,2020,3.232,2.4464999437332153
BIH,ISL,reciprocal_asymmetry_candidate,1,1,1,2021,2021,3.239,4.639999866485596
CZE,ISL,reciprocal_asymmetry_candidate,1,1,1,2022,2022,3.2,2.2130000591278076
UKR,NOR,reciprocal_asymmetry_candidate,1,1,1,2017,2017,3.367,2.7249999046325684
BIH,ESP,reciprocal_asymmetry_candidate,1,1,1,2021,2021,3.253,1.1749999523162842
SRB,EST,reciprocal_asymmetry_candidate,1,1,1,2019,2019,3.272,4.923999786376953
EST,BIH,reciprocal_asymmetry_candidate,1,1,1,2022,2022,3.295,1.3609999418258667
UKR,ISL,reciprocal_asymmetry_candidate,1,1,1,2017,2017,3.367,2.7249999046325684
LVA,BIH,reciprocal_asymmetry_candidate,1,1,1,2018,2018,3.337,2.428999900817871
ESP,HRV,reciprocal_asymmetry_candidate,1,1,1,2015,2015,3.215,0.19599999487400055
FIN,SVN,reciprocal_asymmetry_candidate,1,1,1,2016,2016,3.177,2.5739998817443848
TUR,SVN,reciprocal_asymmetry_candidate,1,1,1,2016,2016,3.26,1.3329999446868896
LVA,BGR,reciprocal_asymmetry_candidate,1,1,1,2021,2021,3.166,0.34299999475479126
SWE,SVN,reciprocal_asymmetry_candidate,1,1,1,2016,2016,3.258,1.8040000200271606
PRT,NOR,reciprocal_asymmetry_candidate,1,1,1,2015,2015,3.162,1.8650000095367432
UKR,EST,reciprocal_asymmetry_candidate,1,1,1,2016,2016,3.393,3.7880001068115234
FIN,HRV,reciprocal_asymmetry_candidate,1,1,1,2018,2018,3.267,2.010999917984009
PRT,BIH,reciprocal_asymmetry_candidate,1,1,1,2021,2021,3.163,3.308000087738037
PRT,EST,reciprocal_asymmetry_candidate,1,1,1,2018,2018,3.224,2.7899999618530273
NOR,SVN,reciprocal_asymmetry_candidate,1,1,1,2020,2020,3.187,0.39500001072883606
ITA,ISL,reciprocal_asymmetry_candidate,1,1,1,2017,2017,3.141,3.9809999465942383
FRA,BIH,reciprocal_asymmetry_candidate,1,1,1,2022,2022,3.249,0.1679999977350235
TUR,EST,reciprocal_asymmetry_candidate,1,1,1,2016,2016,3.26,1.3329999446868896
FRA,SVN,reciprocal_asymmetry_candidate,1,1,1,2018,2018,3.2,3.2230000495910645
ESP,SVN,reciprocal_asymmetry_candidate,1,1,1,2022,2022,3.208,2.1679999828338623
EST,PRT,reciprocal_asymmetry_candidate,1,1,1,2015,2015,3.333,0.8880000114440918
FRA,HRV,reciprocal_asymmetry_candidate,1,1,1,2019,2019,3.223,0.6029999852180481
PRT,HRV,reciprocal_asymmetry_candidate,1,1,1,2016,2016,3.201,3.319000005722046
PRT,ISL,reciprocal_asymmetry_candidate,1,1,1,2015,2015,3.162,1.8650000095367432
ISL,BIH,reciprocal_asymmetry_candidate,1,1,1,2021,2021,3.2,3.9489998817443848
EST,ISL,reciprocal_asymmetry_candidate,1,1,1,2016,2016,3.235,2.2669999599456787
TUR,LVA,reciprocal_asymmetry_candidate,1,1,1,2016,2016,3.26,1.3329999446868896
